url,hits,endtimedate
http://185.215.113.207/gb2pnjsjcs/index.php,373,20211108
http://27.1.1.34:8080/docs/s/config.json,7,20211108
http://27.1.1.34:8080/docs/s/wi.txt,5,20211108
http://aa.hostasa.org/config.rar,69,20211108
http://api.backend-chat.com/connect,504060,20211108
http://depressionk1d.ug/k8FppT/index.php,1564,20211108
http://dunujilis11r.net/,106,20211108
http://eseruuynli2.net/,106,20211108
http://hsbnonline.com/mkv/inc/b9c7c86932b00a.php,498,20211108
http://mayak-lombard.ru/upload/,29,20211108
http://mebel-lass.ru/upload/,32,20211108
http://mftanalytics.cloud/messages/u5gmePQBEiwBnYZAtso1aMIsD,381,20211108
http://misha.at/upload/,2987,20211108
http://naritouzina.net/,609,20211108
http://natuturalistic.net/,641,20211108
http://notfortuaj.net/,641,20211108
http://nukaraguasleep.net/,613,20211108
http://nulikuliey.net/,104,20211108
http://oohdojssks9uf.net/,102,20211108
http://sulionuili1.in/,100,20211108
http://systembackups.info/api/v6/data,8405,20211108
http://vot552.com/upload/,202,20211108
http://www.chemoly.com/hcn/,127,20211108
http://www.comercialjyv.com/g91q/,1,20211108
http://www.crepox.com/ch50/,1388,20211108
http://www.ejsuniqueclasses.com/ehp9/,17,20211108
http://www.esyscoloradosprings.com/fqiq/,6,20211108
http://www.livelifevibrantcourse.com/s3dy/,4,20211108
http://www.liyingyiyad.com/rgc/,2,20211108
http://www.makarimusic2020.com/uisg/,410,20211108
http://www.nationshiphop.com/hko6/,7,20211108
http://www.nouolive.com/wt5i/,3,20211108
http://www.polrad.com/c152/,262,20211108
http://www.proterritorios.net/rnfd/,506,20211108
http://www.reynbetgirisi.com/snr6/,6,20211108
http://www.virxus.com/de/,153,20211108
http://www.walkinginsky.com/s2oc/,9,20211108
http://www.yourmajordomo.com/kzk9/,16,20211108
http://www1.gggatat456.com/dd.rar,42,20211108
http://zaniolofusa.net/,633,20211108
https://178.63.100.197,9820,20211108
https://184.74.99.214,67,20211108
https://24.162.214.166,33,20211108
https://45.36.99.184,153,20211108
https://51.89.115.112,2011,20211108
https://62.99.76.213,65,20211108
https://97.83.40.67,77,20211108
https://bdns.nu,2,20211108
https://bdns.pro,2,20211108
https://b-dns.se,1,20211108
https://spolaect.info,141,20211108
https://www.taiwandaily.org,8,20211108
